registryId,name,systemsWithThisName,oldConfluence,oldEmbaymentHead,oldNaturalChannelKm,oldReservoirPathKm,oldReachCode,oldUsgsSite,oldNwmFeatureId,oldSegments,newArm,newMouth,newHead,mouthMovedKm,headMovedKm,newNaturalChannelKm,newReservoirPathKm,newNhdplusComid,newHuc12,newNwmFeatureId,newUsgsDischargeSite,newSegments,flags,oldUsgsSiteBelongsTo,oldNwmIdBelongsTo
town-creek,Town Creek,2,"[34.706824, -85.909525]","[34.694708, -85.953121]",50.05,74.21,06030001002621,03572900,19645450,695,town-creek-jackson,"[34.706824, -85.909525]","[34.711643, -85.951873]",0.0,1.88,3.81,8.18,19645450,060300010408,19645450,,258,mouthBasinImplausible;nameSharedWithAnotherSystem,town-creek-marshall,
south-sauty-creek,South Sauty Creek,1,"[34.528249, -86.132432]","[34.604694, -85.806931]",33.99,29.85,06030001002667,03572690,19647860,312,south-sauty-creek,"[34.528249, -86.132431]","[34.46724, -86.073444]",0.0,28.83,51.46,10.88,19648816,060300010505,19648816,03572690,227,mouthBasinUnresolved,,not an arm head
big-spring-creek,Big Spring Creek,1,"[34.370312, -86.278669]","[34.289019, -86.355566]",29.3,13.69,06030001002791,,19649546,426,big-spring-creek,"[34.370312, -86.278669]","[34.296725, -86.344522]",0.0,1.33,30.31,11.17,19649546,060300010903,19649546,,201,mouthBasinUnresolved,,
black-oak-creek,Black Oak Creek,1,"[34.428808, -86.109279]","[34.428808, -86.109279]",20.56,0.01,06030001007471,,19648976,0,black-oak-creek,"[34.428694, -86.109349]","[34.428808, -86.109279]",0.01,0.0,29.97,0.0,19648940,060300010705,19648940,,0,mouthReachIsAnotherStream:Town Creek;tinyReservoirReach,,not an arm head
mud-creek,Mud Creek,1,"[34.728989, -85.883448]","[34.786052, -86.003137]",19.66,20.61,06030001007130,,19647076,548,mud-creek,"[34.728989, -85.883448]","[34.786107, -85.940652]",0.0,5.72,29.11,9.92,19645244,060300010405,19645244,,564,mouthReachIsAnotherStream:Tennessee River,,not an arm head
browns-creek,Browns Creek,1,"[34.373086, -86.320237]","[34.278798, -86.39296]",17.98,13.17,06030001007399,,19650116,270,browns-creek,"[34.373086, -86.320236]","[34.287252, -86.386702]",0.0,1.1,18.95,12.02,19649500,060300010904,19649500,,218,mouthBasinUnresolved,,not an arm head
short-creek,Short Creek,1,"[34.381794, -86.239075]","[34.218496, -86.116723]",14.34,33.96,06030001002782,,19649864,100,short-creek,"[34.381794, -86.239075]","[34.350219, -86.195215]",0.0,16.3,41.75,5.8,19650372,060300010807,19650372,,72,mouthBasinUnresolved,,not an arm head
jones-creek,Jones Creek,2,"[34.656297, -85.949936]","[34.972942, -85.717635]",13.9,7.15,06030001007184,,19645528,166,jones-creek-jackson-rorex-creek-jones-creek,"[34.656297, -85.949936]","[34.659146, -85.90758]",0.0,38.91,30.32,4.0,19645550,060300010407,19645550,,66,nameSharedWithAnotherSystem,,not an arm head
crow-creek,Crow Creek,1,"[34.813287, -85.824866]","[34.701039, -85.654855]",13.28,41.94,06030001002553,,19645568,280,crow-creek,"[34.813287, -85.824866]","[34.861201, -85.863898]",0.0,26.11,49.75,8.47,19644896,060300010307,19644896,,256,,,not an arm head
mink-creek,Mink Creek,2,"[34.559061, -86.111194]","[34.586305, -86.131734]",12.64,5.71,06030001007217,,19647294,162,mink-creek-jackson,"[34.559061, -86.111194]","[34.586305, -86.131734]",0.0,0.0,3.12,3.79,19647294,060300010606,19647294,,78,nameSharedWithAnotherSystem,,
north-sauty-creek,North Sauty Creek,1,"[34.563972, -86.090722]","[34.656399, -86.161484]",12.12,15.44,06030001007225,,19647180,499,north-sauty-creek,"[34.563972, -86.090722]","[34.643609, -86.145803]",0.0,2.02,14.66,11.88,19647238,060300010604,19647238,,417,mouthReachIsAnotherStream:Tennessee River,,not an arm head
graham-branch,Graham Branch,1,"[35.010486, -85.632674]","[35.008112, -85.635625]",10.19,0.63,06030001012989,,19647994,2,graham-branch,"[35.010486, -85.632674]","[35.008144, -85.635598]",0.0,0.0,5.08,0.17,19696133,060300010201,19696133,,0,,,not an arm head
roseberry-creek,Roseberry Creek,1,"[34.603056, -86.013534]","[34.646961, -86.040509]",9.02,9.67,06030001007206,,19647170,346,roseberry-creek,"[34.603056, -86.013534]","[34.646961, -86.040509]",0.0,0.0,8.07,7.12,19647204,060300010603,19647204,,340,,,not an arm head
beech-creek,Beech Creek,1,"[34.32385, -86.380861]","[34.329945, -86.389315]",8.49,2.77,06030001002820,,19649230,32,beech-creek,"[34.315073, -86.368656]","[34.329945, -86.389315]",1.49,0.0,6.15,2.6,19649252,060300010904,19649252,,36,,,not an arm head
poplar-spring-branch,Poplar Spring Branch,1,"[34.99036, -85.700282]","[34.995362, -85.709086]",8.47,1.1,06030001002491,,19644370,2,poplar-spring-branch,"[34.99036, -85.700282]","[34.990644, -85.701932]",0.0,0.84,9.28,0.14,19644368,060300010201,19644368,,0,,,not an arm head
widows-creek,Widows Creek,1,"[34.887985, -85.741528]","[34.917388, -85.771201]",8.16,8.68,06030001007072,,19644580,46,widows-creek,"[34.887985, -85.741528]","[34.907075, -85.753402]",0.0,1.99,11.58,6.07,19644694,060300010204,19644694,,64,,,not an arm head
marshall-branch,Marshall Branch,1,"[34.80417, -85.830835]","[34.816485, -85.812819]",6.31,3.8,06030001002558,,19648044,44,marshall-branch,"[34.80417, -85.830835]","[34.816485, -85.812819]",0.0,0.0,5.08,2.16,19645118,060300010205,19645118,,15,mouthBasinUnresolved,,not an arm head
honeycomb-creek,Honeycomb Creek,1,"[34.426467, -86.348562]","[34.466329, -86.260691]",6.28,10.56,06030001007304,,19650038,249,honeycomb-creek,"[34.426467, -86.348562]","[34.463466, -86.263878]",0.0,0.43,1.54,9.8,19648852,060300010905,19648852,,157,mouthBasinImplausible;headBasinSuspect,,not an arm head
archie-creek,Archie Creek,1,"[34.631938, -86.120854]","[34.63445, -86.120836]",6.13,0.42,06030001000815,,19647168,11,archie-creek,"[34.618831, -86.120775]","[34.631938, -86.120854]",1.45,0.28,6.47,1.55,19647268,060300010605,19647268,,24,mouthBasinUnresolved,,not an arm head
yellow-creek,Yellow Creek,1,"[34.495172, -86.113436]","[34.488716, -86.121514]",5.85,2.35,06030001007270,,19648854,77,yellow-creek,"[34.501155, -86.102517]","[34.488715, -86.121514]",1.2,0.0,5.71,2.33,19648832,060300010505,19648832,,21,,,not an arm head
polecat-branch,Polecat Branch,1,"[34.355731, -86.284002]","[34.346018, -86.251543]",5.72,3.62,06030001002799,,19650052,42,polecat-branch,"[34.355731, -86.284002]","[34.346018, -86.251543]",0.0,0.0,5.6,3.42,19650048,060300010903,19650048,,47,,,not an arm head
blue-spring-creek,Blue Spring Creek,1,"[34.643591, -86.145735]","[34.659149, -86.146841]",5.61,3.8,06030001007117,,19647160,0,blue-spring-creek,"[34.643591, -86.145735]","[34.643647, -86.145674]",0.0,1.72,9.32,0.0,19647234,060300010604,19647234,,0,,,not an arm head
long-island-creek,Long Island Creek,1,"[34.9009, -85.715423]","[34.881409, -85.680446]",5.59,6.01,06030001007087,,19644908,112,long-island-creek,"[34.9009, -85.715423]","[34.887634, -85.685357]",0.0,0.82,17.43,4.45,19644788,060300010203,19644788,,108,,,not an arm head
glover-branch,Glover Branch,1,"[35.035941, -85.659729]","[35.037228, -85.659857]",5.46,0.14,06030001002479,,19643308,23,glover-branch,"[35.035941, -85.659729]","[35.037228, -85.659857]",0.0,0.0,5.34,0.13,19643308,060300010201,19643308,,0,mouthReachIsAnotherStream:Tennessee River;tinyReservoirReach,,
crooked-branch,Crooked Branch,1,"[34.881263, -85.750995]","[34.878352, -85.743173]",5.06,1.72,06030001002522,,19644810,2,crooked-branch,"[34.881263, -85.750995]","[34.879722, -85.749371]",0.0,0.59,3.22,0.21,19644814,060300010205,19644814,,2,mouthReachIsAnotherStream:Tennessee River,,not an arm head
minky-creek,Minky Creek,1,"[34.415609, -86.197286]","[34.436836, -86.178196]",5.02,3.03,06030001002729,,19648856,45,minky-creek,"[34.415609, -86.197286]","[34.436799, -86.178272]",0.0,0.01,4.75,3.05,19648888,060300010705,19648888,,32,mouthReachIsAnotherStream:Town Creek,,not an arm head
glover-creek,Glover Creek,1,"[34.937143, -85.688786]","[34.938961, -85.684765]",4.95,0.54,06030001007075,,19644542,31,glover-creek,"[34.937143, -85.688786]","[34.939031, -85.684779]",0.0,0.01,5.76,0.43,19644542,060300010201,19644542,,6,,,
jagger-branch,Jagger Branch,1,"[34.459497, -86.2962]","[34.49799, -86.267682]",4.62,3.27,06030001002698,,19648786,48,jagger-branch,"[34.459497, -86.2962]","[34.483322, -86.301262]",0.0,3.49,3.66,3.11,19648786,060300010905,19648786,,52,,,
big-culvert-creek,Big Culvert Creek,1,"[34.961943, -85.695538]","[34.96299, -85.688669]",3.98,0.93,06030001007050,,19644460,28,big-culvert-creek,"[34.961943, -85.695538]","[34.962998, -85.688757]",0.0,0.01,4.92,0.68,19644460,060300010201,19644460,,10,,,
slaton-branch,Slaton Branch,1,"[34.848967, -85.838937]","[34.839549, -85.867125]",3.75,3.39,06030001002543,,19645066,65,slaton-branch,"[34.848967, -85.838937]","[34.839549, -85.867125]",0.0,0.0,3.59,3.1,19645066,060300010307,19645066,,89,mouthReachIsAnotherStream:Crow Creek,,
chandler-branch,Chandler Branch,1,"[34.46574, -86.204567]","[34.467659, -86.226147]",3.46,2.78,06030001007277,,19648812,110,chandler-branch,"[34.46574, -86.204567]","[34.486236, -86.220526]",0.0,2.12,,3.02,,060300010901,,,53,noNHDPlusComidAtHead,,not an arm head
battle-creek,Battle Creek,1,"[35.017909, -85.692515]","[35.169289, -85.794388]",3.44,28.51,06030001007019,,19642948,0,battle-creek,"[35.017909, -85.692515]","[35.018533, -85.694129]",0.0,19.06,40.11,0.16,19643332,060300010201,19643332,,0,mouthReachIsAnotherStream:Tennessee River,,not an arm head
horn-branch,Horn Branch,1,"[34.903591, -85.745765]","[34.903591, -85.745765]",3.11,0,06030001004289,,19644698,0,horn-branch,"[34.902614, -85.746085]","[34.903591, -85.745765]",0.11,0.0,,0.13,,060300010204,,,2,mouthReachIsAnotherStream:Widows Creek;noNHDPlusComidAtHead;tinyReservoirReach,,not an arm head
seibold-branch,Seibold Branch,1,"[34.430112, -86.231051]","[34.433153, -86.2602]",2.96,2.96,06030001007310,,19648922,180,seibold-branch,"[34.430112, -86.231051]","[34.433151, -86.260156]",0.0,0.0,3.03,2.71,19648894,060300010901,19648894,,71,mouthReachIsAnotherStream:Tennessee River,,not an arm head
nichols-branch,Nichols Branch,1,"[34.76032, -85.856127]","[34.789842, -85.833893]",2.62,4.89,06030001002587,,19645248,142,nichols-branch,"[34.76032, -85.856127]","[34.789842, -85.833893]",0.0,0.0,2.47,4.72,19645222,060300010408,19645222,,98,,,not an arm head
pump-spring-branch,Pump Spring Branch,1,"[34.840226, -85.795824]","[34.841592, -85.797819]",2.61,0.65,06030001002537,,19645022,1,pump-spring-branch,"[34.840226, -85.795824]","[34.841541, -85.797758]",0.0,0.01,2.81,0.24,19646396,060300010205,19646396,,0,,,not an arm head
long-hollow-branch,Long Hollow Branch,1,"[34.974245, -85.694936]","[34.975434, -85.693483]",2.55,1.22,06030001007043,,19644418,20,long-hollow-branch,"[34.974246, -85.694936]","[34.975328, -85.693477]",0.0,0.01,1.36,0.14,19644418,060300010201,19644418,,2,,,
deal-creek,Deal Creek,1,"[34.759917, -85.840992]","[34.759917, -85.840992]",2.4,1.41,06030001007122,,19645316,19,deal-creek,"[34.748574, -85.842543]","[34.759917, -85.840992]",1.27,0.0,3.75,1.27,19645316,060300010403,19645316,,17,,,
dripping-spring-branch,Dripping Spring Branch,1,"[34.424953, -86.343489]","[34.410045, -86.344592]",2.32,1.94,06030001002768,,19649042,39,dripping-spring-branch,"[34.424953, -86.343489]","[34.410078, -86.344608]",0.0,0.0,2.11,1.79,19649042,060300010906,19649042,,20,,,
hayes-branch,Hayes Branch,1,"[34.417824, -86.340679]","[34.413681, -86.33717]",2.18,0.61,06030001007325,,19650322,23,hayes-branch,"[34.417824, -86.340679]","[34.413681, -86.33717]",0.0,0.0,,0.5,,060300010906,,,7,mouthReachIsAnotherStream:Dripping Spring Branch;noNHDPlusComidAtHead,,not an arm head
sterne-branch,Sterne Branch,1,"[34.80953, -85.822064]","[34.809461, -85.817251]",1.82,0.56,06030001007096,,19645162,4,sterne-branch,"[34.805734, -85.82707]","[34.809461, -85.817251]",0.62,0.0,1.61,1.09,19645162,060300010408,19645162,,17,,,
brogue-branch,Brogue Branch,1,"[34.796356, -85.844095]","[34.802487, -85.847144]",1.34,0.9,06030001007090,,19645156,17,brogue-branch,"[34.794388, -85.84248]","[34.802422, -85.847107]",0.26,0.01,1.67,1.05,19645156,060300010408,19645156,,48,,,
baker-spring-branch,Baker Spring Branch,1,"[34.499209, -86.175017]","[34.50943, -86.185335]",1.31,1.57,06030001007249,,19650136,76,baker-spring-branch,"[34.499209, -86.175017]","[34.502466, -86.18913]",0.0,0.85,,1.73,,060300010901,,,31,noNHDPlusComidAtHead;mouthBasinUnresolved,,not an arm head
boshart-creek,Boshart Creek,1,"[34.515344, -86.153248]","[34.521666, -86.187274]",1.17,3.98,06030001007243,,19647544,86,boshart-creek,"[34.515344, -86.153248]","[34.525952, -86.169462]",0.0,1.7,4.81,1.97,19647544,060300010901,19647544,,79,,,
blue-spring-brook,Blue Spring Brook,1,"[34.778445, -85.914259]","[34.783932, -85.917405]",0.88,0.82,06030001007054,,19645238,22,blue-spring-brook,"[34.769174, -85.910091]","[34.783932, -85.917405]",1.1,0.0,,1.94,,060300010405,,,35,noNHDPlusComidAtHead,,not an arm head
mccorkle-branch,McCorkle Branch,1,"[34.4323, -86.256012]","[34.443858, -86.253366]",0.82,0.7,06030001012956,,19650202,3,mccorkle-branch,"[34.4323, -86.256012]","[34.436841, -86.258831]",0.0,0.93,,0.68,,060300010901,,,13,noNHDPlusComidAtHead,,not an arm head
coon-creek,Coon Creek,1,"[34.746057, -85.86238]",,0,17.76,06030001002607,,,85,coon-creek,"[34.746057, -85.86238]","[34.743598, -85.79369]",0.0,,26.66,6.56,19645350,060300010403,19645350,,105,,,
sequatchie-river,Sequatchie River,1,"[35.025522, -85.637344]",,0,0.15,06030001013007,,,0,sequatchie-river,"[35.025522, -85.637344]","[35.025182, -85.635819]",0.0,,,0.13,,060300010201,,,0,mouthReachIsAnotherStream:Tennessee River;noNHDPlusComidAtHead;tinyReservoirReach,,
